#,Name,Type 1,Type 2,Total,HP,Attack,Defense,Sp. Atk,Sp. Def,Speed,Habitat,Color,Body Style
1,Bulbasaur,Grass,Poison,318,45,49,49,65,65,45,Glassland,Green,quadruped body
2,Ivysaur,Grass,Poison,405,60,62,63,80,80,60,Glassland,Green,quadruped body
3,Venusaur,Grass,Poison,525,80,82,83,100,100,80,Glassland,Green,quadruped body
4,Charmander,Fire,,309,39,52,43,60,50,65,Mountain,Red,bipedal
5,Charmeleon,Fire,,405,58,64,58,80,65,80,Mountain,Red,bipedal
6,Charizard,Fire,Flying,534,78,84,78,109,85,100,Mountain,Red,bipedal
7,Squirtle,Water,,314,44,48,65,50,64,43,Water's-edge,Blue,bipedal
8,Wartortle,Water,,405,59,63,80,65,80,58,Water's-edge,Blue,bipedal
9,Blastoise,Water,,530,79,83,100,85,105,78,Water's-edge,Blue,bipedal
10,Caterpie,Bug,,195,45,30,35,20,20,45,Forest,Green,insectoid body
11,Metapod,Bug,,205,50,20,55,25,25,30,Forest,Green,serpentine body
12,Butterfree,Bug,Flying,395,60,45,50,90,80,70,Forest,Blue,pairs of wings+
13,Weedle,Bug,Poison,195,40,35,30,20,20,50,Forest,Brown,insectoid body
14,Kakuna,Bug,Poison,205,45,25,50,25,25,35,Forest,Yellow,serpentine body
15,Beedrill,Bug,Poison,395,65,90,40,45,80,75,Forest,Yellow,pairs of wings+
16,Pidgey,Normal,Flying,251,40,45,40,35,35,56,Forest,Brown,pairs of wings
17,Pidgeotto,Normal,Flying,349,63,60,55,50,50,71,Forest,Brown,pairs of wings
18,Pidgeot,Normal,Flying,479,83,80,75,70,70,101,Forest,Brown,pairs of wings
19,Rattata,Normal,,253,30,56,35,25,35,72,Glassland,Purple,quadruped body
20,Raticate,Normal,,413,55,81,60,50,70,97,Glassland,Brown,quadruped body
21,Spearow,Normal,Flying,262,40,60,30,31,31,70,Rough-terrain,Brown,pairs of wings
22,Fearow,Normal,Flying,442,65,90,65,61,61,100,Rough-terrain,Brown,pairs of wings
23,Ekans,Poison,,288,35,60,44,40,54,55,Glassland,Purple,serpentine body
24,Arbok,Poison,,438,60,85,69,65,79,80,Glassland,Purple,serpentine body
25,Pikachu,Electric,,320,35,55,40,50,50,90,Forest,Yellow,quadruped body
26,Raichu,Electric,,485,60,90,55,90,80,110,Forest,Yellow,bipedal
27,Sandshrew,Ground,,300,50,75,85,20,30,40,Rough-terrain,Yellow,bipedal
28,Sandslash,Ground,,450,75,100,110,45,55,65,Rough-terrain,Yellow,bipedal
29,Nidoran♀,Poison,,275,55,47,52,40,40,41,Glassland,Blue,quadruped body
30,Nidorina,Poison,,365,70,62,67,55,55,56,Glassland,Blue,quadruped body
31,Nidoqueen,Poison,Ground,505,90,92,87,75,85,76,Glassland,Blue,bipedal
32,Nidoran♂,Poison,,273,46,57,40,40,40,50,Glassland,Purple,quadruped body
33,Nidorino,Poison,,365,61,72,57,55,55,65,Glassland,Purple,quadruped body
34,Nidoking,Poison,Ground,505,81,102,77,85,75,85,Glassland,Purple,bipedal
35,Clefairy,Fairy,,323,70,45,48,60,65,35,Mountain,Pink,bipedal
36,Clefable,Fairy,,483,95,70,73,95,90,60,Mountain,Pink,bipedal
37,Vulpix,Fire,,299,38,41,40,50,65,65,Glassland,Red,quadruped body
38,Ninetales,Fire,,505,73,76,75,81,100,100,Glassland,Yellow,quadruped body
39,Jigglypuff,Normal,Fairy,270,115,45,20,45,25,20,Glassland,Pink,bipedal
40,Wigglytuff,Normal,Fairy,435,140,70,45,85,50,45,Glassland,Pink,bipedal
41,Zubat,Poison,Flying,245,40,45,35,30,40,55,Cave,Purple,pairs of wings
42,Golbat,Poison,Flying,455,75,80,70,65,75,90,Cave,Purple,pairs of wings
43,Oddish,Grass,Poison,320,45,50,55,75,65,30,Glassland,Blue,head and legs
44,Gloom,Grass,Poison,395,60,65,70,85,75,40,Glassland,Blue,bipedal
45,Vileplume,Grass,Poison,490,75,80,85,110,90,50,Glassland,Red,bipedal
46,Paras,Bug,Grass,285,35,70,55,45,55,25,Forest,Red,insectoid body
47,Parasect,Bug,Grass,405,60,95,80,60,80,30,Forest,Red,insectoid body
48,Venonat,Bug,Poison,305,60,55,50,40,55,45,Forest,Purple,bipedal
49,Venomoth,Bug,Poison,450,70,65,60,90,75,90,Forest,Purple,pairs of wings+
50,Diglett,Ground,,265,10,55,25,35,45,95,Cave,Brown,head and base
51,Dugtrio,Ground,,405,35,80,50,50,70,120,Cave,Brown,multiple bodies
52,Meowth,Normal,,290,40,45,35,40,40,90,Urban,Yellow,quadruped body
53,Persian,Normal,,440,65,70,60,65,65,115,Urban,Yellow,quadruped body
54,Psyduck,Water,,320,50,52,48,65,50,55,Water's-edge,Yellow,bipedal
55,Golduck,Water,,500,80,82,78,95,80,85,Water's-edge,Blue,bipedal
56,Mankey,Fighting,,305,40,80,35,35,45,70,Mountain,Brown,bipedal
57,Primeape,Fighting,,455,65,105,60,60,70,95,Mountain,Brown,bipedal
58,Growlithe,Fire,,350,55,70,45,70,50,60,Glassland,Red,quadruped body
59,Arcanine,Fire,,555,90,110,80,100,80,95,Glassland,Red,quadruped body
60,Poliwag,Water,,300,40,50,40,40,40,90,Water's-edge,Blue,head and legs
61,Poliwhirl,Water,,385,65,65,65,50,50,90,Water's-edge,Blue,bipedal
62,Poliwrath,Water,Fighting,510,90,95,95,70,90,70,Water's-edge,Blue,bipedal
63,Abra,Psychic,,310,25,20,15,105,55,90,Urban,Yellow,bipedal
64,Kadabra,Psychic,,400,40,35,30,120,70,105,Urban,Yellow,bipedal
65,Alakazam,Psychic,,500,55,50,45,135,95,120,Urban,Yellow,bipedal
66,Machop,Fighting,,305,70,80,50,35,35,35,Mountain,Gray,bipedal
67,Machoke,Fighting,,405,80,100,70,50,60,45,Mountain,Gray,bipedal
68,Machamp,Fighting,,505,90,130,80,65,85,55,Mountain,Gray,bipedal
69,Bellsprout,Grass,Poison,300,50,75,35,70,30,40,Forest,Green,bipedal
70,Weepinbell,Grass,Poison,390,65,90,50,85,45,55,Forest,Green,head and base
71,Victreebel,Grass,Poison,490,80,105,65,100,70,70,Forest,Green,head and base
72,Tentacool,Water,Poison,335,40,40,35,50,100,70,Sea,Blue,multiped body
73,Tentacruel,Water,Poison,515,80,70,65,80,120,100,Sea,Blue,multiped body
74,Geodude,Rock,Ground,300,40,80,100,30,30,20,Mountain,Gray,head and arms
75,Graveler,Rock,Ground,390,55,95,115,45,45,35,Mountain,Gray,bipedal
76,Golem,Rock,Ground,495,80,120,130,55,65,45,Mountain,Gray,bipedal
77,Ponyta,Fire,,410,50,85,55,65,65,90,Glassland,Red,quadruped body
78,Rapidash,Fire,,500,65,100,70,80,80,105,Glassland,Red,quadruped body
79,Slowpoke,Water,Psychic,315,90,65,65,40,40,15,Water's-edge,Pink,quadruped body
80,Slowbro,Water,Psychic,490,95,75,110,100,80,30,Water's-edge,Pink,head and arms
81,Magnemite,Electric,Steel,325,25,35,70,95,55,45,Rough-terrain,Gray,head and arms
82,Magneton,Electric,Steel,465,50,60,95,120,70,70,Rough-terrain,Gray,multiple bodies
83,Farfetch'd,Normal,Flying,352,52,65,55,58,62,60,Glassland,Brown,pairs of wings
84,Doduo,Normal,Flying,310,35,85,45,35,35,75,Glassland,Brown,head and legs
85,Dodrio,Normal,Flying,460,60,110,70,60,60,100,Glassland,Brown,head and legs
86,Seel,Water,,325,65,45,55,45,70,45,Sea,White,fins
87,Dewgong,Water,Ice,475,90,70,80,70,95,70,Sea,White,fins
88,Grimer,Poison,,325,80,80,50,40,50,25,Urban,Purple,head and arms
89,Muk,Poison,,500,105,105,75,65,100,50,Urban,Purple,head and arms
90,Shellder,Water,,305,30,65,100,45,25,40,Sea,Purple,only a head
91,Cloyster,Water,Ice,525,50,95,180,85,45,70,Sea,Purple,only a head
92,Gastly,Ghost,Poison,310,30,35,30,100,35,80,Cave,Purple,only a head
93,Haunter,Ghost,Poison,405,45,50,45,115,55,95,Cave,Purple,head and arms
94,Gengar,Ghost,Poison,500,60,65,60,130,75,110,Cave,Purple,bipedal
95,Onix,Rock,Ground,385,35,45,160,30,45,70,Cave,Gray,serpentine body
96,Drowzee,Psychic,,328,60,48,45,43,90,42,Glassland,Yellow,bipedal
97,Hypno,Psychic,,483,85,73,70,73,115,67,Glassland,Yellow,bipedal
98,Krabby,Water,,325,30,105,90,25,25,50,Water's-edge,Red,insectoid body
99,Kingler,Water,,475,55,130,115,50,50,75,Water's-edge,Red,insectoid body
100,Voltorb,Electric,,330,40,30,50,55,55,100,Urban,Red,only a head
101,Electrode,Electric,,480,60,50,70,80,80,140,Urban,Red,only a head
102,Exeggcute,Grass,Psychic,325,60,40,80,60,45,40,Forest,Green,multiple bodies
103,Exeggutor,Grass,Psychic,520,95,95,85,125,65,55,Forest,Green,head and legs
104,Cubone,Ground,,320,50,50,95,40,50,35,Mountain,Brown,bipedal
105,Marowak,Ground,,425,60,80,110,50,80,45,Mountain,Brown,bipedal
106,Hitmonlee,Fighting,,455,50,120,53,35,110,87,Urban,Brown,bipedal
107,Hitmonchan,Fighting,,455,50,105,79,35,110,76,Urban,Brown,bipedal
108,Lickitung,Normal,,385,90,55,75,60,75,30,Glassland,Pink,bipedal
109,Koffing,Poison,,340,40,65,95,60,45,35,Urban,Purple,only a head
110,Weezing,Poison,,490,65,90,120,85,70,60,Urban,Purple,multiple bodies
111,Rhyhorn,Ground,Rock,345,80,85,95,30,30,25,Rough-terrain,Gray,quadruped body
112,Rhydon,Ground,Rock,485,105,130,120,45,45,40,Rough-terrain,Gray,bipedal
113,Chansey,Normal,,450,250,5,5,35,105,50,Urban,Pink,bipedal
114,Tangela,Grass,,435,65,55,115,100,40,60,Glassland,Blue,head and legs
115,Kangaskhan,Normal,,490,105,95,80,40,80,90,Glassland,Brown,bipedal
116,Horsea,Water,,295,30,40,70,70,25,60,Sea,Blue,head and base
117,Seadra,Water,,440,55,65,95,95,45,85,Sea,Blue,head and base
118,Goldeen,Water,,320,45,67,60,35,50,63,Water's-edge,Red,fins
119,Seaking,Water,,450,80,92,65,65,80,68,Water's-edge,Red,fins
120,Staryu,Water,,340,30,45,55,70,55,85,Sea,Brown,head and base
121,Starmie,Water,Psychic,520,60,75,85,100,85,115,Sea,Purple,head and base
122,Mr. Mime,Psychic,Fairy,460,40,45,65,100,120,90,Urban,Pink,bipedal
123,Scyther,Bug,Flying,500,70,110,80,55,80,105,Glassland,Green,pairs of wings+
124,Jynx,Ice,Psychic,455,65,50,35,115,95,95,Urban,Red,bipedal
125,Electabuzz,Electric,,490,65,83,57,95,85,105,Glassland,Yellow,bipedal
126,Magmar,Fire,,495,65,95,57,100,85,93,Mountain,Red,bipedal
127,Pinsir,Bug,,500,65,125,100,55,70,85,Forest,Brown,pairs of wings+
128,Tauros,Normal,,490,75,100,95,40,70,110,Glassland,Brown,quadruped body
129,Magikarp,Water,,200,20,10,55,15,20,80,Water's-edge,Red,fins
130,Gyarados,Water,Flying,540,95,125,79,60,100,81,Water's-edge,Blue,serpentine body
131,Lapras,Water,Ice,535,130,85,80,85,95,60,Sea,Blue,fins
132,Ditto,Normal,,288,48,48,48,48,48,48,Urban,Purple,only a head
133,Eevee,Normal,,325,55,55,50,45,65,55,Urban,Brown,quadruped body
134,Vaporeon,Water,,525,130,65,60,110,95,65,Urban,Blue,quadruped body
135,Jolteon,Electric,,525,65,65,60,110,95,130,Urban,Yellow,quadruped body
136,Flareon,Fire,,525,65,130,60,95,110,65,Urban,Red,quadruped body
137,Porygon,Normal,,395,65,60,70,85,75,40,Urban,Pink,head and legs
138,Omanyte,Rock,Water,355,35,40,100,90,55,35,Sea,Blue,multiped body
139,Omastar,Rock,Water,495,70,60,125,115,70,55,Sea,Blue,multiped body
140,Kabuto,Rock,Water,355,30,80,90,55,45,55,Sea,Brown,insectoid body
141,Kabutops,Rock,Water,495,60,115,105,65,70,80,Sea,Brown,bipedal
142,Aerodactyl,Rock,Flying,515,80,105,65,60,75,130,Mountain,Purple,pairs of wings
143,Snorlax,Normal,,540,160,110,65,65,110,30,Mountain,Black,bipedal
144,Articuno,Ice,Flying,580,90,85,100,95,125,85,Rare,Blue,pairs of wings
145,Zapdos,Electric,Flying,580,90,90,85,125,90,100,Rare,Yellow,pairs of wings
146,Moltres,Fire,Flying,580,90,100,90,125,85,90,Rare,Red,pairs of wings
147,Dratini,Dragon,,300,41,64,45,50,50,50,Water's-edge,Blue,serpentine body
148,Dragonair,Dragon,,420,61,84,65,70,70,70,Water's-edge,Blue,serpentine body
149,Dragonite,Dragon,Flying,600,91,134,95,100,100,80,Water's-edge,Brown,bipedal
150,Mewtwo,Psychic,,680,106,110,90,154,90,130,Rare,Purple,bipedal
151,Mew,Psychic,,600,100,100,100,100,100,100,Rare,Pink,bipedal
152,Chikorita,Grass,,318,45,49,65,49,65,45,Glassland,Green,quadruped body
153,Bayleef,Grass,,405,60,62,80,63,80,60,Glassland,Green,quadruped body
154,Meganium,Grass,,525,80,82,100,83,100,80,Glassland,Green,quadruped body
155,Cyndaquil,Fire,,309,39,52,43,60,50,65,Glassland,Red,bipedal
156,Quilava,Fire,,405,58,64,58,80,65,80,Glassland,Red,quadruped body
157,Typhlosion,Fire,,534,78,84,78,109,85,100,Glassland,Red,quadruped body
158,Totodile,Water,,314,50,65,64,44,48,43,Water's-edge,Blue,bipedal
159,Croconaw,Water,,405,65,80,80,59,63,58,Water's-edge,Blue,bipedal
160,Feraligatr,Water,,530,85,105,100,79,83,78,Water's-edge,Blue,bipedal
161,Sentret,Normal,,215,35,46,34,35,45,20,Glassland,Brown,quadruped body
162,Furret,Normal,,415,85,76,64,45,55,90,Glassland,Brown,quadruped body
163,Hoothoot,Normal,Flying,262,60,30,30,36,56,50,Forest,Brown,pairs of wings
164,Noctowl,Normal,Flying,442,100,50,50,76,96,70,Forest,Brown,pairs of wings
165,Ledyba,Bug,Flying,265,40,20,30,40,80,55,Forest,Red,pairs of wings
166,Ledian,Bug,Flying,390,55,35,50,55,110,85,Forest,Red,pairs of wings
167,Spinarak,Bug,Poison,250,40,60,40,40,40,30,Forest,Green,insectoid body
168,Ariados,Bug,Poison,390,70,90,70,60,60,40,Forest,Red,insectoid body
169,Crobat,Poison,Flying,535,85,90,80,70,80,130,Cave,Purple,pairs of wings+
170,Chinchou,Water,Electric,330,75,38,38,56,56,67,Sea,Blue,fins
171,Lanturn,Water,Electric,460,125,58,58,76,76,67,Sea,Blue,fins
172,Pichu,Electric,,205,20,40,15,35,35,60,Forest,Yellow,quadruped body
173,Cleffa,Fairy,,218,50,25,28,45,55,15,Mountain,Pink,bipedal
174,Igglybuff,Normal,Fairy,210,90,30,15,40,20,15,Glassland,Pink,bipedal
175,Togepi,Fairy,,245,35,20,65,40,65,20,Forest,White,bipedal
176,Togetic,Fairy,Flying,405,55,40,85,80,105,40,Forest,White,bipedal
177,Natu,Psychic,Flying,320,40,50,45,70,45,70,Forest,Green,pairs of wings
178,Xatu,Psychic,Flying,470,65,75,70,95,70,95,Forest,Green,pairs of wings
179,Mareep,Electric,,280,55,40,40,65,45,35,Glassland,Yellow,quadruped body
180,Flaaffy,Electric,,365,70,55,55,80,60,45,Glassland,Yellow,bipedal
181,Ampharos,Electric,,510,90,75,85,115,90,55,Glassland,Yellow,bipedal
182,Bellossom,Grass,,490,75,80,95,90,100,50,Glassland,Green,bipedal
183,Marill,Water,Fairy,250,70,20,50,20,50,40,Water's-edge,Blue,bipedal
184,Azumarill,Water,Fairy,420,100,50,80,60,80,50,Water's-edge,Blue,bipedal
185,Sudowoodo,Rock,,410,70,100,115,30,65,30,Forest,Brown,bipedal
186,Politoed,Water,,500,90,75,75,90,100,70,Water's-edge,Green,bipedal
187,Hoppip,Grass,Flying,250,35,35,40,35,55,50,Glassland,Pink,bipedal
188,Skiploom,Grass,Flying,340,55,45,50,45,65,80,Glassland,Green,bipedal
189,Jumpluff,Grass,Flying,460,75,55,70,55,95,110,Glassland,Blue,bipedal
190,Aipom,Normal,,360,55,70,55,40,55,85,Forest,Purple,bipedal
191,Sunkern,Grass,,180,30,30,30,30,30,30,Glassland,Yellow,only a head
192,Sunflora,Grass,,425,75,75,55,105,85,30,Glassland,Yellow,bipedal
193,Yanma,Bug,Flying,390,65,65,45,75,45,95,Forest,Red,pairs of wings+
194,Wooper,Water,Ground,210,55,45,45,25,25,15,Water's-edge,Blue,head and legs
195,Quagsire,Water,Ground,430,95,85,85,65,65,35,Water's-edge,Blue,bipedal
196,Espeon,Psychic,,525,65,65,60,130,95,110,Urban,Purple,quadruped body
197,Umbreon,Dark,,525,95,65,110,60,130,65,Urban,Black,quadruped body
198,Murkrow,Dark,Flying,405,60,85,42,85,42,91,Forest,Black,pairs of wings
199,Slowking,Water,Psychic,490,95,75,80,100,110,30,Water's-edge,Pink,bipedal
200,Misdreavus,Ghost,,435,60,60,60,85,85,85,Cave,Black,only a head
201,Unown,Psychic,,336,48,72,48,72,48,48,Rare,Black,only a head
202,Wobbuffet,Psychic,,405,190,33,58,33,58,33,Cave,Blue,head and base
203,Girafarig,Normal,Psychic,455,70,80,65,90,65,85,Glassland,Yellow,quadruped body
204,Pineco,Bug,,290,50,65,90,35,35,15,Forest,Gray,only a head
205,Forretress,Bug,Steel,465,75,90,140,60,60,40,Forest,Purple,only a head
206,Dunsparce,Normal,,415,100,70,70,65,65,45,Cave,Yellow,serpentine body
207,Gligar,Ground,Flying,430,65,75,105,35,65,85,Mountain,Pink,pairs of wings
208,Steelix,Steel,Ground,510,75,85,200,55,65,30,Cave,Gray,serpentine body
209,Snubbull,Fairy,,300,60,80,50,40,40,30,Urban,Pink,bipedal
210,Granbull,Fairy,,450,90,120,75,60,60,45,Urban,Purple,bipedal
211,Qwilfish,Water,Poison,430,65,95,75,55,55,85,Sea,Gray,fins
212,Scizor,Bug,Steel,500,70,130,100,55,80,65,Glassland,Red,pairs of wings+
213,Shuckle,Bug,Rock,505,20,10,230,10,230,5,Mountain,Yellow,insectoid body
214,Heracross,Bug,Fighting,500,80,125,75,40,95,85,Forest,Blue,bipedal
215,Sneasel,Dark,Ice,430,55,95,55,35,75,115,Forest,Black,bipedal
216,Teddiursa,Normal,,330,60,80,50,50,50,40,Mountain,Brown,bipedal
217,Ursaring,Normal,,500,90,130,75,75,75,55,Mountain,Brown,bipedal
218,Slugma,Fire,,250,40,40,40,70,40,20,Mountain,Red,serpentine body
219,Magcargo,Fire,Rock,410,50,50,120,80,80,30,Mountain,Red,serpentine body
220,Swinub,Ice,Ground,250,50,50,40,30,30,50,Cave,Brown,quadruped body
221,Piloswine,Ice,Ground,450,100,100,80,60,60,50,Cave,Brown,quadruped body
222,Corsola,Water,Rock,380,55,55,85,65,85,35,Sea,Pink,insectoid body
223,Remoraid,Water,,300,35,65,35,65,35,65,Sea,Gray,fins
224,Octillery,Water,,480,75,105,75,105,75,45,Sea,Red,multiped body
225,Delibird,Ice,Flying,330,45,55,45,65,45,75,Mountain,Red,pairs of wings
226,Mantine,Water,Flying,465,65,40,70,80,140,70,Sea,Purple,pairs of wings
227,Skarmory,Steel,Flying,465,65,80,140,40,70,70,Rough-terrain,Gray,pairs of wings
228,Houndour,Dark,Fire,330,45,60,30,80,50,65,Rough-terrain,Black,quadruped body
229,Houndoom,Dark,Fire,500,75,90,50,110,80,95,Rough-terrain,Black,quadruped body
230,Kingdra,Water,Dragon,540,75,95,95,95,95,85,Sea,Blue,head and base
231,Phanpy,Ground,,330,90,60,60,40,40,40,Rough-terrain,Blue,quadruped body
232,Donphan,Ground,,500,90,120,120,60,60,50,Rough-terrain,Gray,quadruped body
233,Porygon2,Normal,,515,85,80,90,105,95,60,Urban,Red,head and legs
234,Stantler,Normal,,465,73,95,62,85,65,85,Forest,Brown,quadruped body
235,Smeargle,Normal,,250,55,20,35,20,45,75,Urban,White,bipedal
236,Tyrogue,Fighting,,210,35,35,35,35,35,35,Urban,Purple,bipedal
237,Hitmontop,Fighting,,455,50,95,95,35,110,70,Urban,Brown,bipedal
238,Smoochum,Ice,Psychic,305,45,30,15,85,65,65,Urban,Pink,bipedal
239,Elekid,Electric,,360,45,63,37,65,55,95,Glassland,Yellow,bipedal
240,Magby,Fire,,365,45,75,37,70,55,83,Mountain,Red,bipedal
241,Miltank,Normal,,490,95,80,105,40,70,100,Glassland,Pink,bipedal
242,Blissey,Normal,,540,255,10,10,75,135,55,Urban,Pink,bipedal
243,Raikou,Electric,,580,90,85,75,115,100,115,Glassland,Yellow,quadruped body
244,Entei,Fire,,580,115,115,85,90,75,100,Glassland,Red,quadruped body
245,Suicune,Water,,580,100,75,115,90,115,85,Glassland,Blue,quadruped body
246,Larvitar,Rock,Ground,300,50,64,50,45,50,41,Mountain,Green,bipedal
247,Pupitar,Rock,Ground,410,70,84,70,65,70,51,Mountain,Green,serpentine body
248,Tyranitar,Rock,Dark,600,100,134,110,95,100,61,Mountain,Green,bipedal
249,Lugia,Psychic,Flying,680,106,90,130,90,154,110,Rare,White,pairs of wings
250,Ho-oh,Fire,Flying,680,106,130,90,110,154,90,Rare,Red,pairs of wings
251,Celebi,Psychic,Grass,600,100,100,100,100,100,100,Forest,Green,bipedal
252,Treecko,Grass,,310,40,45,35,65,55,70,Forest,Green,bipedal
253,Grovyle,Grass,,405,50,65,45,85,65,95,Forest,Green,bipedal
254,Sceptile,Grass,,530,70,85,65,105,85,120,Forest,Green,bipedal
255,Torchic,Fire,,310,45,60,40,70,50,45,Glassland,Red,head and legs
256,Combusken,Fire,Fighting,405,60,85,60,85,60,55,Glassland,Red,bipedal
257,Blaziken,Fire,Fighting,530,80,120,70,110,70,80,Glassland,Red,bipedal
258,Mudkip,Water,,310,50,70,50,50,50,40,Water's-edge,Blue,quadruped body
259,Marshtomp,Water,Ground,405,70,85,70,60,70,50,Water's-edge,Blue,bipedal
260,Swampert,Water,Ground,535,100,110,90,85,90,60,Water's-edge,Blue,bipedal
261,Poochyena,Dark,,220,35,55,35,30,30,35,Glassland,Gray,quadruped body
262,Mightyena,Dark,,420,70,90,70,60,60,70,Glassland,Gray,quadruped body
263,Zigzagoon,Normal,,240,38,30,41,30,41,60,Glassland,Brown,quadruped body
264,Linoone,Normal,,420,78,70,61,50,61,100,Glassland,Brown,quadruped body
265,Wurmple,Bug,,195,45,45,35,20,30,20,Forest,Red,insectoid body
266,Silcoon,Bug,,205,50,35,55,25,25,15,Forest,White,only a head
267,Beautifly,Bug,Flying,395,60,70,50,100,50,65,Forest,Yellow,pairs of wings+
268,Cascoon,Bug,,205,50,35,55,25,25,15,Forest,Purple,only a head
269,Dustox,Bug,Poison,385,60,50,70,50,90,65,Forest,Green,pairs of wings+
270,Lotad,Water,Grass,220,40,30,30,40,50,30,Water's-edge,Green,insectoid body
271,Lombre,Water,Grass,340,60,50,50,60,70,50,Water's-edge,Green,bipedal
272,Ludicolo,Water,Grass,480,80,70,70,90,100,70,Water's-edge,Green,bipedal
273,Seedot,Grass,,220,40,40,50,30,30,30,Forest,Brown,head and legs
274,Nuzleaf,Grass,Dark,340,70,70,40,60,40,60,Forest,Green,bipedal
275,Shiftry,Grass,Dark,480,90,100,60,90,60,80,Forest,Brown,bipedal
276,Taillow,Normal,Flying,270,40,55,30,30,30,85,Glassland,Blue,pairs of wings
277,Swellow,Normal,Flying,430,60,85,60,50,50,125,Glassland,Blue,pairs of wings
278,Wingull,Water,Flying,270,40,30,30,55,30,85,Sea,White,pairs of wings
279,Pelipper,Water,Flying,430,60,50,100,85,70,65,Sea,Yellow,pairs of wings
280,Ralts,Psychic,Fairy,198,28,25,25,45,35,40,Urban,White,bipedal
281,Kirlia,Psychic,Fairy,278,38,35,35,65,55,50,Urban,White,bipedal
282,Gardevoir,Psychic,Fairy,518,68,65,65,125,115,80,Urban,White,bipedal
283,Surskit,Bug,Water,269,40,30,32,50,52,65,Water's-edge,Blue,insectoid body
284,Masquerain,Bug,Flying,414,70,60,62,80,82,60,Water's-edge,Blue,pairs of wings+
285,Shroomish,Grass,,295,60,40,60,40,60,35,Forest,Brown,head and legs
286,Breloom,Grass,Fighting,460,60,130,80,60,60,70,Forest,Green,bipedal
287,Slakoth,Normal,,280,60,60,60,35,35,30,Forest,Brown,quadruped body
288,Vigoroth,Normal,,440,80,80,80,55,55,90,Forest,White,bipedal
289,Slaking,Normal,,670,150,160,100,95,65,100,Forest,White,bipedal
290,Nincada,Bug,Ground,266,31,45,90,30,30,40,Forest,Gray,insectoid body
291,Ninjask,Bug,Flying,456,61,90,45,50,50,160,Forest,Yellow,pairs of wings+
292,Shedinja,Bug,Ghost,236,1,90,45,30,30,40,Forest,Brown,head and base
293,Whismur,Normal,,240,64,51,23,51,23,28,Cave,Pink,bipedal
294,Loudred,Normal,,360,84,71,43,71,43,48,Cave,Blue,bipedal
295,Exploud,Normal,,490,104,91,63,91,73,68,Cave,Blue,bipedal
296,Makuhita,Fighting,,237,72,60,30,20,30,25,Mountain,Yellow,bipedal
297,Hariyama,Fighting,,474,144,120,60,40,60,50,Mountain,Brown,bipedal
298,Azurill,Normal,Fairy,190,50,20,40,20,40,20,Water's-edge,Blue,head and legs
299,Nosepass,Rock,,375,30,45,135,45,90,30,Cave,Gray,bipedal
300,Skitty,Normal,,260,50,45,45,35,35,50,Forest,Pink,quadruped body
301,Delcatty,Normal,,380,70,65,65,55,55,70,Forest,Purple,quadruped body
302,Sableye,Dark,Ghost,380,50,75,75,65,65,50,Cave,Purple,bipedal
303,Mawile,Steel,Fairy,380,50,85,85,55,55,50,Cave,Black,bipedal
304,Aron,Steel,Rock,330,50,70,100,40,40,30,Mountain,Gray,quadruped body
305,Lairon,Steel,Rock,430,60,90,140,50,50,40,Mountain,Gray,quadruped body
306,Aggron,Steel,Rock,530,70,110,180,60,60,50,Mountain,Gray,bipedal
307,Meditite,Fighting,Psychic,280,30,40,55,40,55,60,Mountain,Blue,bipedal
308,Medicham,Fighting,Psychic,410,60,60,75,60,75,80,Mountain,Red,bipedal
309,Electrike,Electric,,295,40,45,40,65,40,65,Glassland,Green,quadruped body
310,Manectric,Electric,,475,70,75,60,105,60,105,Glassland,Yellow,quadruped body
311,Plusle,Electric,,405,60,50,40,85,75,95,Glassland,Yellow,bipedal
312,Minun,Electric,,405,60,40,50,75,85,95,Glassland,Yellow,bipedal
313,Volbeat,Bug,,400,65,73,55,47,75,85,Forest,Gray,bipedal
314,Illumise,Bug,,400,65,47,55,73,75,85,Forest,Purple,bipedal
315,Roselia,Grass,Poison,400,50,60,45,100,80,65,Glassland,Green,bipedal
316,Gulpin,Poison,,302,70,43,53,43,53,40,Glassland,Green,head and arms
317,Swalot,Poison,,467,100,73,83,73,83,55,Glassland,Purple,head and arms
318,Carvanha,Water,Dark,305,45,90,20,65,20,65,Sea,Red,fins
319,Sharpedo,Water,Dark,460,70,120,40,95,40,95,Sea,Blue,fins
320,Wailmer,Water,,400,130,70,35,70,35,60,Sea,Blue,fins
321,Wailord,Water,,500,170,90,45,90,45,60,Sea,Blue,fins
322,Numel,Fire,Ground,305,60,60,40,65,45,35,Mountain,Yellow,quadruped body
323,Camerupt,Fire,Ground,460,70,100,70,105,75,40,Mountain,Red,quadruped body
324,Torkoal,Fire,,470,70,85,140,85,70,20,Mountain,Red,quadruped body
325,Spoink,Psychic,,330,60,25,35,70,80,60,Mountain,Black,head and arms
326,Grumpig,Psychic,,470,80,45,65,90,110,80,Mountain,Purple,bipedal
327,Spinda,Normal,,360,60,60,60,60,60,60,Mountain,Brown,bipedal
328,Trapinch,Ground,,290,45,100,45,45,45,10,Rough-terrain,Brown,insectoid body
329,Vibrava,Ground,Dragon,340,50,70,50,50,50,70,Rough-terrain,Green,pairs of wings+
330,Flygon,Ground,Dragon,520,80,100,80,80,80,100,Rough-terrain,Green,pairs of wings
331,Cacnea,Grass,,335,50,85,40,85,40,35,Rough-terrain,Green,bipedal
332,Cacturne,Grass,Dark,475,70,115,60,115,60,55,Rough-terrain,Green,bipedal
333,Swablu,Normal,Flying,310,45,40,60,40,75,50,Forest,Blue,pairs of wings
334,Altaria,Dragon,Flying,490,75,70,90,70,105,80,Forest,Blue,pairs of wings
335,Zangoose,Normal,,458,73,115,60,60,60,90,Glassland,White,bipedal
336,Seviper,Poison,,458,73,100,60,100,60,65,Glassland,Black,serpentine body
337,Lunatone,Rock,Psychic,440,70,55,65,95,85,70,Cave,Yellow,only a head
338,Solrock,Rock,Psychic,440,70,95,85,55,65,70,Cave,Red,only a head
339,Barboach,Water,Ground,288,50,48,43,46,41,60,Water's-edge,Blue,fins
340,Whiscash,Water,Ground,468,110,78,73,76,71,60,Water's-edge,Blue,fins
341,Corphish,Water,,308,43,80,65,50,35,35,Water's-edge,Red,insectoid body
342,Crawdaunt,Water,Dark,468,63,120,85,90,55,55,Water's-edge,Red,insectoid body
343,Baltoy,Ground,Psychic,300,40,40,55,40,70,55,Rough-terrain,Brown,head and arms
344,Claydol,Ground,Psychic,500,60,70,105,70,120,75,Rough-terrain,Black,head and arms
345,Lileep,Rock,Grass,355,66,41,77,61,87,23,Sea,Purple,head and base
346,Cradily,Rock,Grass,495,86,81,97,81,107,43,Sea,Green,head and base
347,Anorith,Rock,Bug,355,45,95,50,40,50,75,Water's-edge,Gray,insectoid body
348,Armaldo,Rock,Bug,495,75,125,100,70,80,45,Water's-edge,Gray,bipedal
349,Feebas,Water,,200,20,15,20,10,55,80,Water's-edge,Brown,fins
350,Milotic,Water,,540,95,60,79,100,125,81,Water's-edge,Blue,serpentine body
351,Castform,Normal,,420,70,70,70,70,70,70,Glassland,Gray,only a head
352,Kecleon,Normal,,440,60,90,70,60,120,40,Forest,Green,bipedal
353,Shuppet,Ghost,,295,44,75,35,63,33,45,Urban,Black,only a head
354,Banette,Ghost,,455,64,115,65,83,63,65,Urban,Black,bipedal
355,Duskull,Ghost,,295,20,40,90,30,90,25,Forest,Black,head and arms
356,Dusclops,Ghost,,455,40,70,130,60,130,25,Forest,Black,bipedal
357,Tropius,Grass,Flying,460,99,68,83,72,87,51,Forest,Green,quadruped body
358,Chimecho,Psychic,,425,65,50,70,95,80,65,Glassland,Blue,head and arms
359,Absol,Dark,,465,65,130,60,75,60,75,Mountain,White,quadruped body
360,Wynaut,Psychic,,260,95,23,48,23,48,23,Cave,Blue,bipedal
361,Snorunt,Ice,,300,50,50,50,50,50,50,Cave,White,bipedal
362,Glalie,Ice,,480,80,80,80,80,80,80,Cave,White,only a head
363,Spheal,Ice,Water,290,70,40,50,55,50,25,Sea,Blue,fins
364,Sealeo,Ice,Water,410,90,60,70,75,70,45,Sea,Blue,fins
365,Walrein,Ice,Water,530,110,80,90,95,90,65,Sea,Blue,quadruped body
366,Clamperl,Water,,345,35,64,85,74,55,32,Sea,Blue,only a head
367,Huntail,Water,,485,55,104,105,94,75,52,Sea,Blue,serpentine body
368,Gorebyss,Water,,485,55,84,105,114,75,52,Sea,Pink,serpentine body
369,Relicanth,Water,Rock,485,100,90,130,45,65,55,Sea,Gray,fins
370,Luvdisc,Water,,330,43,30,55,40,65,97,Sea,Pink,fins
371,Bagon,Dragon,,300,45,75,60,40,30,50,Rough-terrain,Blue,bipedal
372,Shelgon,Dragon,,420,65,95,100,60,50,50,Rough-terrain,White,quadruped body
373,Salamence,Dragon,Flying,600,95,135,80,110,80,100,Rough-terrain,Blue,quadruped body
374,Beldum,Steel,Psychic,300,40,55,80,35,60,30,Rough-terrain,Blue,head and base
375,Metang,Steel,Psychic,420,60,75,100,55,80,50,Rough-terrain,Blue,head and arms
376,Metagross,Steel,Psychic,600,80,135,130,95,90,70,Rough-terrain,Blue,multiple bodies
377,Regirock,Rock,,580,80,100,200,50,100,50,Cave,Brown,bipedal
378,Regice,Ice,,580,80,50,100,100,200,50,Cave,Blue,bipedal
379,Registeel,Steel,,580,80,75,150,75,150,50,Cave,Gray,bipedal
380,Latias,Dragon,Psychic,600,80,80,90,110,130,110,Water's-edge,Red,pairs of wings
381,Latios,Dragon,Psychic,600,80,90,80,130,110,110,Water's-edge,Blue,pairs of wings
382,Kyogre,Water,,670,100,100,90,150,140,90,Sea,Blue,fins
383,Groudon,Ground,,670,100,150,140,100,90,90,Rough-terrain,Red,bipedal
384,Rayquaza,Dragon,Flying,680,105,150,90,150,90,95,Rare,Green,serpentine body
385,Jirachi,Steel,Psychic,600,100,100,100,100,100,100,Mountain,Yellow,bipedal
386,Deoxys,Psychic,,600,50,150,50,150,50,150,Rare,Red,bipedal
387,Turtwig,Grass,,318,55,68,64,45,55,31,Forest,Green,quadruped body
388,Grotle,Grass,,405,75,89,85,55,65,36,Forest,Green,quadruped body
389,Torterra,Grass,Ground,525,95,109,105,75,85,56,Forest,Green,quadruped body
390,Chimchar,Fire,,309,44,58,44,58,44,61,Mountain,Red,bipedal
391,Monferno,Fire,Fighting,405,64,78,52,78,52,81,Mountain,Red,bipedal
392,Infernape,Fire,Fighting,534,76,104,71,104,71,108,Mountain,Red,bipedal
393,Piplup,Water,,314,53,51,53,61,56,40,Sea,Blue,bipedal
394,Prinplup,Water,,405,64,66,68,81,76,50,Sea,Blue,bipedal
395,Empoleon,Water,Steel,530,84,86,88,111,101,60,Sea,Blue,bipedal
396,Starly,Normal,Flying,245,40,55,30,30,30,60,Mountain,Brown,pairs of wings
397,Staravia,Normal,Flying,340,55,75,50,40,40,80,Mountain,Brown,pairs of wings
398,Staraptor,Normal,Flying,485,85,120,70,50,60,100,Mountain,Brown,pairs of wings
399,Bidoof,Normal,,250,59,45,40,35,40,31,Water's-edge,Brown,quadruped body
400,Bibarel,Normal,Water,410,79,85,60,55,60,71,Water's-edge,Brown,bipedal
401,Kricketot,Bug,,194,37,25,41,25,41,25,Florest,Red,bipedal
402,Kricketune,Bug,,384,77,85,51,55,51,65,Florest,Red,pairs of wings+
403,Shinx,Electric,,263,45,65,34,40,34,45,Glassland,Blue,quadruped body
404,Luxio,Electric,,363,60,85,49,60,49,60,Glassland,Blue,quadruped body
405,Luxray,Electric,,523,80,120,79,95,79,70,Glassland,Blue,quadruped body
406,Budew,Grass,Poison,280,40,30,35,50,70,55,Florest,Green,bipedal
407,Roserade,Grass,Poison,515,60,70,65,125,105,90,Florest,Green,bipedal
408,Cranidos,Rock,,350,67,125,40,30,30,58,Mountain,Blue,bipedal
409,Rampardos,Rock,,495,97,165,60,65,50,58,Mountain,Blue,bipedal
410,Shieldon,Rock,Steel,350,30,42,118,42,88,30,Mountain,Gray,quadruped body
411,Bastiodon,Rock,Steel,495,60,52,168,47,138,30,Mountain,Gray,quadruped body
412,Burmy,Bug,,224,40,29,45,29,45,36,Forest,Green,head and base
413,Wormadam,Bug,Steel,424,60,69,95,69,95,36,Forest,Green,head and base
414,Mothim,Bug,Flying,424,70,94,50,94,50,66,Forest,Yellow,pairs of wings+
415,Combee,Bug,Flying,244,30,30,42,30,42,70,Forest,Yellow,multiple bodies
416,Vespiquen,Bug,Flying,474,70,80,102,80,102,40,Forest,Yellow,pairs of wings+
417,Pachirisu,Electric,,405,60,45,70,45,90,95,Forest,White,quadruped body
418,Buizel,Water,,330,55,65,35,60,30,85,Water's-edge,Brown,quadruped body
419,Floatzel,Water,,495,85,105,55,85,50,115,Water's-edge,Brown,quadruped body
420,Cherubi,Grass,,275,45,35,45,62,53,35,Forest,Pink,multiple bodies
421,Cherrim,Grass,,450,70,60,70,87,78,85,Forest,Purple,head and legs
422,Shellos,Water,,325,76,48,48,57,62,34,Sea,Blue,serpentine body
423,Gastrodon,Water,Ground,475,111,83,68,92,82,39,Sea,Blue,serpentine body
424,Ambipom,Normal,,482,75,100,66,60,66,115,Forest,Purple,bipedal
425,Drifloon,Ghost,Flying,348,90,50,34,60,44,70,Mountain,Purple,head and arms
426,Drifblim,Ghost,Flying,498,150,80,44,90,54,80,Mountain,Purple,head and arms
427,Buneary,Normal,,350,55,66,44,44,56,85,Forest,Brown,bipedal
428,Lopunny,Normal,,480,65,76,84,54,96,105,Forest,Brown,bipedal
429,Mismagius,Ghost,,495,60,60,60,105,105,105,Forest,Purple,only a head
430,Honchkrow,Dark,Flying,505,100,125,52,105,52,71,Forest,Black,pairs of wings
431,Glameow,Normal,,310,49,55,42,42,37,85,Forest,Gray,quadruped body
432,Purugly,Normal,,452,71,82,64,64,59,112,Forest,Gray,quadruped body
433,Chingling,Psychic,,285,45,30,50,65,50,45,Glassland,Yellow,bipedal
434,Stunky,Poison,Dark,329,63,63,47,41,41,74,Forest,Purple,quadruped body
435,Skuntank,Poison,Dark,479,103,93,67,71,61,84,Forest,Purple,quadruped body
436,Bronzor,Steel,Psychic,300,57,24,86,24,86,23,Cave,Green,only a head
437,Bronzong,Steel,Psychic,500,67,89,116,79,116,33,Cave,Green,head and arms
438,Bonsly,Rock,,290,50,80,95,10,45,10,Mountain,Brown,head and legs
439,Mime Jr.,Psychic,Fairy,310,20,25,45,70,90,60,Urban,Pink,bipedal
440,Happiny,Normal,,220,100,5,5,15,65,30,Forest,Pink,bipedal
441,Chatot,Normal,Flying,411,76,65,45,92,42,91,Forest,Black,pairs of wings
442,Spiritomb,Ghost,Dark,485,50,92,108,92,108,35,Urban,Purple,head and base
443,Gible,Dragon,Ground,300,58,70,45,40,45,42,Cave,Blue,bipedal
444,Gabite,Dragon,Ground,410,68,90,65,50,55,82,Cave,Blue,bipedal
445,Garchomp,Dragon,Ground,600,108,130,95,80,85,102,Cave,Blue,bipedal
446,Munchlax,Normal,,390,135,85,40,40,85,5,Mountain,Black,bipedal
447,Riolu,Fighting,,285,40,70,40,35,40,60,Mountain,Blue,bipedal
448,Lucario,Fighting,Steel,525,70,110,70,115,70,90,Mountain,Blue,bipedal
449,Hippopotas,Ground,,330,68,72,78,38,42,32,Water's-edge,Brown,quadruped body
450,Hippowdon,Ground,,525,108,112,118,68,72,47,Water's-edge,Brown,quadruped body
451,Skorupi,Poison,Bug,330,40,50,90,30,55,65,Urban,Purple,insectoid body
452,Drapion,Poison,Dark,500,70,90,110,60,75,95,Urban,Purple,bipedal
453,Croagunk,Poison,Fighting,300,48,61,40,61,40,50,Urban,Blue,bipedal
454,Toxicroak,Poison,Fighting,490,83,106,65,86,65,85,Ueban,Blue,bipedal
455,Carnivine,Grass,,454,74,100,72,90,72,46,Forest,Green,multiped body
456,Finneon,Water,,330,49,49,56,49,61,66,Sea,Blue,fins
457,Lumineon,Water,,460,69,69,76,69,86,91,Sea,Blue,fins
458,Mantyke,Water,Flying,345,45,20,50,60,120,50,Sea,Blue,pairs of wings
459,Snover,Grass,Ice,334,60,62,50,62,60,40,Forest,White,bipedal
460,Abomasnow,Grass,Ice,494,90,92,75,92,85,60,Forest,White,bipedal
461,Weavile,Dark,Ice,510,70,120,65,45,85,125,Forest,Black,bipedal
462,Magnezone,Electric,Steel,535,70,70,115,130,90,60,Mountain,Gray,head and arms
463,Lickilicky,Normal,,515,110,85,95,80,95,50,Forest,Pink,bipedal
464,Rhyperior,Ground,Rock,535,115,140,130,55,55,40,Mountain,Gray,bipedal
465,Tangrowth,Grass,,535,100,100,125,110,50,50,Florest,Blue,bipedal
466,Electivire,Electric,,540,75,123,67,95,85,95,Glassland,Yellow,bipedal
467,Magmortar,Fire,,540,75,95,67,125,95,83,Cave,Red,bipedal
468,Togekiss,Fairy,Flying,545,85,50,95,120,115,80,Forest,White,pairs of wings
469,Yanmega,Bug,Flying,515,86,76,86,116,56,95,Florest,Green,pairs of wings+
470,Leafeon,Grass,,525,65,110,130,60,65,95,Forest,Green,quadruped body
471,Glaceon,Ice,,525,65,60,110,130,95,65,Forest,Blue,quadruped body
472,Gliscor,Ground,Flying,510,75,95,125,45,75,95,Mountain,Purple,pairs of wings
473,Mamoswine,Ice,Ground,530,110,130,80,70,60,80,Forest,Brown,quadruped body
474,Porygon-Z,Normal,,535,85,80,70,135,75,90,Urban,Red,head and arms
475,Gallade,Psychic,Fighting,518,68,125,65,65,115,80,Urban,White,bipedal
476,Probopass,Rock,Steel,525,60,55,145,75,150,40,Mountain,Gray,multiple bodies
477,Dusknoir,Ghost,,525,45,100,135,65,135,45,Forest,Black,head and arms
478,Froslass,Ice,Ghost,480,70,80,70,80,70,110,Sea,White,head and arms
479,Rotom,Electric,Ghost,440,50,50,77,95,77,91,Urban,Red,only a head
480,Uxie,Psychic,,580,75,75,130,75,130,95,Rare,Yellow,bipedal
481,Mesprit,Psychic,,580,80,105,105,105,105,80,Rare,Pink,bipedal
482,Azelf,Psychic,,580,75,125,70,125,70,115,Rare,Blue,bipedal
483,Dialga,Steel,Dragon,680,100,120,120,150,100,90,Rare,Gray,quadruped body
484,Palkia,Water,Dragon,680,90,120,100,150,120,100,Rare,Purple,bipedal
485,Heatran,Fire,Steel,600,91,90,106,130,106,77,Rare,Red,quadruped body
486,Regigigas,Normal,,670,110,160,110,80,110,100,Rare,White,bipedal
487,Giratina,Ghost,Dragon,680,150,120,100,120,100,90,Rare,Black,serpentine body
488,Cresselia,Psychic,,600,120,70,120,75,130,85,Urban,Pink,multiped body
489,Phione,Water,,480,80,80,80,80,80,80,Sea,Blue,head and arms
490,Manaphy,Water,,600,100,100,100,100,100,100,Sea,Blue,bipedal
491,Darkrai,Dark,,600,70,90,90,135,90,125,Cave,Black,bipedal
492,Shaymin,Grass,,600,100,100,100,100,100,100,Florest,Green,quadruped body
493,Arceus,Normal,,720,120,120,120,120,120,120,Florest,White,quadruped body
494,Victini,Psychic,Fire,600,100,100,100,100,100,100,Urban,Yellow,bipedal
495,Snivy,Grass,,308,45,45,55,45,55,63,Glassland,Green,bipedal
496,Servine,Grass,,413,60,60,75,60,75,83,Glassland,Green,bipedal
497,Serperior,Grass,,528,75,75,95,75,95,113,Glassland,Green,serpentine body
498,Tepig,Fire,,308,65,63,45,45,45,45,Glassland,Red,quadruped body
499,Pignite,Fire,Fighting,418,90,93,55,70,55,55,Glassland,Red,bipedal
500,Emboar,Fire,Fighting,528,110,123,65,100,65,65,Glassland,Red,bipedal
501,Oshawott,Water,,308,55,55,45,63,45,45,Sea,Blue,bipedal
502,Dewott,Water,,413,75,75,60,83,60,60,Sea,Blue,bipedal
503,Samurott,Water,,528,95,100,85,108,70,70,Sea,Blue,quadruped body
504,Patrat,Normal,,255,45,55,39,35,39,42,Glassland,Brown,quadruped body
505,Watchog,Normal,,420,60,85,69,60,69,77,Glassland,Brown,bipedal
506,Lillipup,Normal,,275,45,60,45,25,45,55,Urban,Brown,quadruped body
507,Herdier,Normal,,370,65,80,65,35,65,60,Urban,Gray,quadruped body
508,Stoutland,Normal,,500,85,110,90,45,90,80,Mountain,Gray,quadruped body
509,Purrloin,Dark,,281,41,50,37,50,37,66,Urban,Purple,quadruped body
510,Liepard,Dark,,446,64,88,50,88,50,106,Urban,Purple,quadruped body
511,Pansage,Grass,,316,50,53,48,53,48,64,Forest,Green,bipedal
512,Simisage,Grass,,498,75,98,63,98,63,101,Forest,Green,bipedal
513,Pansear,Fire,,316,50,53,48,53,48,64,Forest,Red,bipedal
514,Simisear,Fire,,498,75,98,63,98,63,101,Forest,Red,bipedal
515,Panpour,Water,,316,50,53,48,53,48,64,Water's-edge,Blue,bipedal
516,Simipour,Water,,498,75,98,63,98,63,101,Water's-edge,Blue,bipedal
517,Munna,Psychic,,292,76,25,45,67,55,24,Urban,Pink,quadruped body
518,Musharna,Psychic,,487,116,55,85,107,95,29,Urban,Pink,bipedal
519,Pidove,Normal,Flying,264,50,55,50,36,30,43,Glassland,Gray,pairs of wings
520,Tranquill,Normal,Flying,358,62,77,62,50,42,65,Glassland,Gray,pairs of wings
521,Unfezant,Normal,Flying,488,80,115,80,65,55,93,Glassland,Gray,pairs of wings
522,Blitzle,Electric,,295,45,60,32,50,32,76,Glassland,Black,quadruped body
523,Zebstrika,Electric,,497,75,100,63,80,63,116,Glassland,Black,quadruped body
524,Roggenrola,Rock,,280,55,75,85,25,25,15,Mountain,Blue,head and legs
525,Boldore,Rock,,390,70,105,105,50,40,20,Mountain,Blue,multiped body
526,Gigalith,Rock,,515,85,135,130,60,80,25,Mountain,Blue,multiped body
527,Woobat,Psychic,Flying,313,55,45,43,55,43,72,Forest,Blue,pairs of wings
528,Swoobat,Psychic,Flying,425,67,57,55,77,55,114,Forest,Blue,pairs of wings
529,Drilbur,Ground,,328,60,85,40,30,45,68,Cave,Gray,bipedal
530,Excadrill,Ground,Steel,508,110,135,60,50,65,88,Cave,Gray,bipedal
531,Audino,Normal,,445,103,60,86,60,86,50,Forest,Pink,bipedal
532,Timburr,Fighting,,305,75,80,55,25,35,35,Mountain,Gray,bipedal
533,Gurdurr,Fighting,,405,85,105,85,40,50,40,Mountain,Gray,bipedal
534,Conkeldurr,Fighting,,505,105,140,95,55,65,45,Mountain,Brown,bipedal
535,Tympole,Water,,294,50,50,40,50,40,64,Water's-edge,Blue,fins
536,Palpitoad,Water,Ground,384,75,65,55,65,55,69,Water's-edge,Blue,bipedal
537,Seismitoad,Water,Ground,509,105,95,75,85,75,74,Water's-edge,Blue,bipedal
538,Throh,Fighting,,465,120,100,85,30,85,45,Mountain,Red,bipedal
539,Sawk,Fighting,,465,75,125,75,30,75,85,Mountain,Blue,bipedal
540,Sewaddle,Bug,Grass,310,45,53,70,40,60,42,Forest,Green,insectoid body
541,Swadloon,Bug,Grass,380,55,63,90,50,80,42,Forest,Green,head and arms
542,Leavanny,Bug,Grass,500,75,103,80,70,80,92,Forest,Green,bipedal
543,Venipede,Bug,Poison,260,30,45,59,30,39,57,Forest,Red,insectoid body
544,Whirlipede,Bug,Poison,360,40,55,99,40,79,47,Forest,Gray,only a head
545,Scolipede,Bug,Poison,485,60,100,89,55,69,112,Forest,Red,insectoid body
546,Cottonee,Grass,Fairy,280,40,27,60,37,50,66,Forest,Green,only a head
547,Whimsicott,Grass,Fairy,480,60,67,85,77,75,116,Forest,Green,bipedal
548,Petilil,Grass,,280,45,35,50,70,50,30,Forest,Green,head and base
549,Lilligant,Grass,,480,70,60,75,110,75,90,Forest,Green,head and base
550,Basculin,Water,,460,70,92,65,80,55,98,Water's-edge,Green,fins
551,Sandile,Ground,Dark,292,50,72,35,35,35,65,Water's-edge,Brown,quadruped body
552,Krokorok,Ground,Dark,351,60,82,45,45,45,74,Water's-edge,Brown,quadruped body
553,Krookodile,Ground,Dark,519,95,117,80,65,70,92,Water's-edge,Red,bipedal
554,Darumaka,Fire,,315,70,90,45,15,45,50,Glassland,Red,bipedal
555,Darmanitan,Fire,,480,105,140,55,30,55,95,Glassland,Red,quadruped body
556,Maractus,Grass,,461,75,86,67,106,67,60,Mountain,Green,head and base
557,Dwebble,Bug,Rock,325,50,65,85,35,35,55,Cave,Red,insectoid body
558,Crustle,Bug,Rock,475,70,95,125,65,75,45,Cave,Red,insectoid body
559,Scraggy,Dark,Fighting,348,50,75,70,35,70,48,Cave,Yellow,bipedal
560,Scrafty,Dark,Fighting,488,65,90,115,45,115,58,Cave,Red,bipedal
561,Sigilyph,Psychic,Flying,490,72,58,80,103,80,97,Urban,Black,pairs of wings
562,Yamask,Ghost,,303,38,30,85,55,65,30,Urban,Black,head and arms
563,Cofagrigus,Ghost,,483,58,50,145,95,105,30,Urban,Yellow,head and base
564,Tirtouga,Water,Rock,355,54,78,103,53,45,22,Sea,Blue,quadruped body
565,Carracosta,Water,Rock,495,74,108,133,83,65,32,Sea,Blue,bipedal
566,Archen,Rock,Flying,401,55,112,45,74,45,70,Mountain,Yellow,pairs of wings
567,Archeops,Rock,Flying,567,75,140,65,112,65,110,Mountain,Yellow,pairs of wings
568,Trubbish,Poison,,329,50,50,62,40,62,65,Urban,Green,bipedal
569,Garbodor,Poison,,474,80,95,82,60,82,75,Urban,Green,bipedal
570,Zorua,Dark,,330,40,65,40,80,40,65,Urban,Gray,quadruped body
571,Zoroark,Dark,,510,60,105,60,120,60,105,Urban,Gray,bipedal
572,Minccino,Normal,,300,55,50,40,40,40,75,Mountain,Gray,quadruped body
573,Cinccino,Normal,,470,75,95,60,65,60,115,Mountain,Gray,quadruped body
574,Gothita,Psychic,,290,45,30,50,55,65,45,Urban,Purple,bipedal
575,Gothorita,Psychic,,390,60,45,70,75,85,55,Urban,Purple,bipedal
576,Gothitelle,Psychic,,490,70,55,95,95,110,65,Urban,Purple,bipedal
577,Solosis,Psychic,,290,45,30,40,105,50,20,Urban,Green,only a head
578,Duosion,Psychic,,370,65,40,50,125,60,30,Urban,Green,only a head
579,Reuniclus,Psychic,,490,110,65,75,125,85,30,Urban,Green,head and arms
580,Ducklett,Water,Flying,305,62,44,50,44,50,55,Water's-edge,Blue,pairs of wings
581,Swanna,Water,Flying,473,75,87,63,87,63,98,Water's-edge,White,pairs of wings
582,Vanillite,Ice,,305,36,50,50,65,60,44,Sea,White,head and base
583,Vanillish,Ice,,395,51,65,65,80,75,59,Sea,White,head and base
584,Vanilluxe,Ice,,535,71,95,85,110,95,79,Sea,White,multiple bodies
585,Deerling,Normal,Grass,335,60,60,50,40,50,75,Mountain,Pink,quadruped body
586,Sawsbuck,Normal,Grass,475,80,100,70,60,70,95,Mountain,Brown,quadruped body
587,Emolga,Electric,Flying,428,55,75,60,75,60,103,Forest,White,quadruped body
588,Karrablast,Bug,,315,50,75,45,40,45,60,Forest,Blue,bipedal
589,Escavalier,Bug,Steel,495,70,135,105,60,105,20,Forest,Gray,head and arms
590,Foongus,Grass,Poison,294,69,55,45,55,55,15,Forest,White,head and arms
591,Amoonguss,Grass,Poison,464,114,85,70,85,80,30,Forest,White,head and arms
592,Frillish,Water,Ghost,335,55,40,50,65,85,40,Sea,White,multiped body
593,Jellicent,Water,Ghost,480,100,60,70,85,105,60,Sea,White,multiped body
594,Alomomola,Water,,470,165,75,80,40,45,65,Sea,White,fins
595,Joltik,Bug,Electric,319,50,47,50,57,50,65,Forest,Yellow,insectoid body
596,Galvantula,Bug,Electric,472,70,77,60,97,60,108,Forest,Yellow,insectoid body
597,Ferroseed,Grass,Steel,305,44,50,91,24,86,10,Cave,Gray,only a head
598,Ferrothorn,Grass,Steel,489,74,94,131,54,116,20,Cave,Gray,multiped body
599,Klink,Steel,,300,40,55,70,45,60,30,Cave,Gray,multiple bodies
600,Klang,Steel,,440,60,80,95,70,85,50,Cave,Gray,multiple bodies
601,Klinklang,Steel,,520,60,100,115,70,85,90,Cave,Gray,multiple bodies
602,Tynamo,Electric,,275,35,55,40,45,40,60,Cave,White,fins
603,Eelektrik,Electric,,405,65,85,70,75,70,40,Cave,Blue,fins
604,Eelektross,Electric,,515,85,115,80,105,80,50,Cave,Blue,fins
605,Elgyem,Psychic,,335,55,55,55,85,55,30,Urban,Blue,bipedal
606,Beheeyem,Psychic,,485,75,75,75,125,95,40,Urban,Brown,bipedal
607,Litwick,Ghost,Fire,275,50,30,55,65,55,20,Urban,White,head and base
608,Lampent,Ghost,Fire,370,60,40,60,95,60,55,Urban,Black,head and arms
609,Chandelure,Ghost,Fire,520,60,55,90,145,90,80,Urban,Black,head and arms
610,Axew,Dragon,,320,46,87,60,30,40,57,Water's-edge,Green,bipedal
611,Fraxure,Dragon,,410,66,117,70,40,50,67,Water's-edge,Green,bipedal
612,Haxorus,Dragon,,540,76,147,90,60,70,97,Water's-edge,Yellow,bipedal
613,Cubchoo,Ice,,305,55,70,40,60,40,40,Sea,White,bipedal
614,Beartic,Ice,,485,95,110,80,70,80,50,Sea,White,quadruped body
615,Cryogonal,Ice,,485,70,50,30,95,135,105,Sea,Blue,only a head
616,Shelmet,Bug,,305,50,40,85,40,65,25,Forest,Green,only a head
617,Accelgor,Bug,,495,80,70,40,100,60,145,Forest,Green,head and arms
618,Stunfisk,Ground,Electric,471,109,66,84,81,99,32,Mountain,Brown,fins
619,Mienfoo,Fighting,,350,45,85,50,55,50,65,Mountain,Yellow,bipedal
620,Mienshao,Fighting,,510,65,125,60,95,60,105,Mountain,Purple,bipedal
621,Druddigon,Dragon,,485,77,120,90,60,90,48,Cave,Red,bipedal
622,Golett,Ground,Ghost,303,59,74,50,35,50,35,Cave,Green,bipedal
623,Golurk,Ground,Ghost,483,89,124,80,55,80,55,Cave,Green,bipedal
624,Pawniard,Dark,Steel,340,45,85,70,40,40,60,Cave,Red,bipedal
625,Bisharp,Dark,Steel,490,65,125,100,60,70,70,Cave,Red,bipedal
626,Bouffalant,Normal,,490,95,110,95,40,95,55,Glassland,Brown,quadruped body
627,Rufflet,Normal,Flying,350,70,83,50,37,50,60,Forest,White,pairs of wings
628,Braviary,Normal,Flying,510,100,123,75,57,75,80,Forest,Red,pairs of wings
629,Vullaby,Dark,Flying,370,70,55,75,45,65,60,Glassland,Brown,pairs of wings
630,Mandibuzz,Dark,Flying,510,110,65,105,55,95,80,Glassland,Brown,pairs of wings
631,Heatmor,Fire,,484,85,97,66,105,66,65,Mountain,Red,bipedal
632,Durant,Bug,Steel,484,58,109,112,48,48,109,Mountain,Gray,insectoid body
633,Deino,Dark,Dragon,300,52,65,50,45,50,38,Cave,Blue,quadruped body
634,Zweilous,Dark,Dragon,420,72,85,70,65,70,58,Cave,Blue,quadruped body
635,Hydreigon,Dark,Dragon,600,92,105,90,125,90,98,Cave,Blue,bipedal
636,Larvesta,Bug,Fire,360,55,85,55,50,55,60,Forest,Red,insectoid body
637,Volcarona,Bug,Fire,550,85,60,65,135,105,100,Forest,Red,pairs of wings+
638,Cobalion,Steel,Fighting,580,91,90,129,90,72,108,Mountain,Blue,quadruped body
639,Terrakion,Rock,Fighting,580,91,129,90,72,90,108,Cave,Gray,quadruped body
640,Virizion,Grass,Fighting,580,91,90,72,90,129,108,Glassland,Green,quadruped body
641,Tornadus,Flying,,580,79,115,70,125,80,111,Glassland,Green,pairs of wings
642,Thundurus,Electric,Flying,580,79,115,70,125,80,111,Glassland,Blue,pairs of wings
643,Reshiram,Dragon,Fire,680,100,120,100,150,120,90,Cave,White,pairs of wings
644,Zekrom,Dragon,Electric,680,100,150,120,120,100,90,Cave,Black,bipedal
645,Landorus,Ground,Flying,600,89,125,90,115,80,101,Cave,Brown,quadruped body
646,Kyurem,Dragon,Ice,660,125,130,90,130,90,95,Sea,Gray,bipedal
647,Keldeo,Water,Fighting,580,91,72,90,129,90,108,Sea,Yellow,quadruped body
648,Meloetta,Normal,Psychic,600,100,77,77,128,128,90,Urban,White,bipedal
649,Genesect,Bug,Steel,600,71,120,95,120,95,99,Forest,Purple,bipedal
650,Chespin,Grass,,313,56,61,65,48,45,38,Glassland,Green,bipedal
651,Quilladin,Grass,,405,61,78,95,56,58,57,Glassland,Green,bipedal
652,Chesnaught,Grass,Fighting,530,88,107,122,74,75,64,Glassland,Green,bipedal
653,Fennekin,Fire,,307,40,45,40,62,60,60,Glassland,Red,quadruped body
654,Braixen,Fire,,409,59,59,58,90,70,73,Glassland,Red,bipedal
655,Delphox,Fire,Psychic,534,75,69,72,114,100,104,Glassland,Red,bipedal
656,Froakie,Water,,314,41,56,40,62,44,71,Sea,Blue,quadruped body
657,Frogadier,Water,,405,54,63,52,83,56,97,Sea,Blue,bipedal
658,Greninja,Water,Dark,530,72,95,67,103,71,122,Sea,Blue,bipedal
659,Bunnelby,Normal,,237,38,36,38,32,36,57,Mountain,Brown,bipedal
660,Diggersby,Normal,Ground,423,85,56,77,50,77,78,Mountain,Brown,bipedal
661,Fletchling,Normal,Flying,278,45,50,43,40,38,62,Urban,Red,pairs of wings
662,Fletchinder,Fire,Flying,382,62,73,55,56,52,84,Mountain,Red,pairs of wings
663,Talonflame,Fire,Flying,499,78,81,71,74,69,126,Mountain,Red,pairs of wings
664,Scatterbug,Bug,,200,38,35,40,27,25,35,Forest,Black,insectoid body
665,Spewpa,Bug,,213,45,22,60,27,30,29,Forest,Black,head and base
666,Vivillon,Bug,Flying,411,80,52,50,90,50,89,Forest,White,pairs of wings+
667,Litleo,Fire,Normal,369,62,50,58,73,54,72,Glassland,Red,quadruped body
668,Pyroar,Fire,Normal,507,86,68,72,109,66,106,Glassland,Red,quadruped body
669,Flabébé,Fairy,,303,44,38,39,61,79,42,Urban,White,head and arms
670,Floette,Fairy,,371,54,45,47,75,98,52,Urban,White,head and arms
671,Florges,Fairy,,552,78,65,68,112,154,75,Urban,White,head and arms
672,Skiddo,Grass,,350,66,65,48,62,57,52,Mountain,Green,quadruped body
673,Gogoat,Grass,,531,123,100,62,97,81,68,Mountain,Green,quadruped body
674,Pancham,Fighting,,348,67,82,62,46,48,43,Mountain,White,bipedal
675,Pangoro,Fighting,Dark,495,95,124,78,69,71,58,Mountain,White,bipedal
676,Furfrou,Normal,,472,75,80,60,65,90,102,Urban,White,quadruped body
677,Espurr,Psychic,,355,62,48,54,63,60,68,Urban,Gray,bipedal
678,Meowstic,Psychic,,466,74,48,76,83,81,104,Urban,Blue,bipedal
679,Honedge,Steel,Ghost,325,45,80,100,35,37,28,Urban,Brown,head and base
680,Doublade,Steel,Ghost,448,59,110,150,45,49,35,Urban,Brown,multiple bodies
681,Aegislash,Steel,Ghost,520,60,150,50,150,50,60,Urban,Brown,head and base
682,Spritzee,Fairy,,341,78,52,60,63,65,23,Urban,Pink,head and arms
683,Aromatisse,Fairy,,462,101,72,72,99,89,29,Urban,Pink,bipedal
684,Swirlix,Fairy,,341,62,48,66,59,57,49,Urban,White,head and legs
685,Slurpuff,Fairy,,480,82,80,86,85,75,72,Urban,White,bipedal
686,Inkay,Dark,Psychic,288,53,54,53,37,46,45,Sea,Blue,multiped body
687,Malamar,Dark,Psychic,482,86,92,88,68,75,73,Mountain,Blue,head and base
688,Binacle,Rock,Water,306,42,52,67,39,56,50,Mountain,Brown,multiple bodies
689,Barbaracle,Rock,Water,500,72,105,115,54,86,68,Mountain,Brown,multiple bodies
690,Skrelp,Poison,Water,320,50,60,60,60,60,30,Sea,Brown,head and base
691,Dragalge,Poison,Dragon,494,65,75,90,97,123,44,Sea,Brown,head and base
692,Clauncher,Water,,330,50,53,62,58,63,44,Sea,Blue,insectoid body
693,Clawitzer,Water,,500,71,73,88,120,89,59,Sea,Blue,serpentine body
694,Helioptile,Electric,Normal,289,44,38,33,61,43,70,Urban,Yellow,bipedal
695,Heliolisk,Electric,Normal,481,62,55,52,109,94,109,Urban,Yellow,bipedal
696,Tyrunt,Rock,Dragon,362,58,89,77,45,45,48,Mountain,Brown,bipedal
697,Tyrantrum,Rock,Dragon,521,82,121,119,69,59,71,Mountain,Red,bipedal
698,Amaura,Rock,Ice,362,77,59,50,67,63,46,Mountain,Blue,quadruped body
699,Aurorus,Rock,Ice,521,123,77,72,99,92,58,Mountain,Blue,quadruped body
700,Sylveon,Fairy,,525,95,65,65,110,130,60,Urban,Pink,quadruped body
701,Hawlucha,Fighting,Flying,500,78,92,75,74,63,118,Forest,Green,bipedal
702,Dedenne,Electric,Fairy,431,67,58,57,81,67,101,Urban,Yellow,bipedal
703,Carbink,Rock,Fairy,500,50,50,150,50,150,50,Cave,Gray,only a head
704,Goomy,Dragon,,300,45,50,35,55,75,40,Mountain,Purple,serpentine body
705,Sliggoo,Dragon,,452,68,75,53,83,113,60,Mountain,Purple,serpentine body
706,Goodra,Dragon,,600,90,100,70,110,150,80,Mountain,Purple,bipedal
707,Klefki,Steel,Fairy,470,57,80,91,80,87,75,Urban,Gray,only a head
708,Phantump,Ghost,Grass,309,43,70,48,50,60,38,Forest,Brown,head and arms
709,Trevenant,Ghost,Grass,474,85,110,76,65,82,56,Forest,Brown,multiped body
710,Pumpkaboo,Ghost,Grass,335,49,66,70,44,55,51,Urban,Brown,only a head
711,Gourgeist,Ghost,Grass,494,65,90,122,58,75,84,Urban,Brown,head and base
712,Bergmite,Ice,,304,55,69,85,32,35,28,Sea,Blue,quadruped body
713,Avalugg,Ice,,514,95,117,184,44,46,28,Sea,Blue,quadruped body
714,Noibat,Flying,Dragon,245,40,30,35,45,40,55,Cave,Purple,pairs of wings
715,Noivern,Flying,Dragon,535,85,70,80,97,80,123,Cave,Purple,pairs of wings
716,Xerneas,Fairy,,680,126,131,95,131,98,99,Urban,Blue,quadruped body
717,Yveltal,Dark,Flying,680,126,131,95,131,98,99,Cave,Black,pairs of wings
718,Zygarde,Dragon,Ground,600,108,100,121,81,95,95,Mountain,Black,quadruped body